--
-- PostgreSQL database dump
--

\restrict c7sxnZh1U98nW3025wqnsSbADZSuaherwgxGqaGaeiR7pohw5NIif9qwuoYSRbb

-- Dumped from database version 17.8
-- Dumped by pg_dump version 17.8

SET statement_timeout = 0;
SET lock_timeout = 0;
SET idle_in_transaction_session_timeout = 0;
SET transaction_timeout = 0;
SET client_encoding = 'UTF8';
SET standard_conforming_strings = on;
SELECT pg_catalog.set_config('search_path', '', false);
SET check_function_bodies = false;
SET xmloption = content;
SET client_min_messages = warning;
SET row_security = off;

SET default_tablespace = '';

SET default_table_access_method = heap;

--
-- Name: auth_group; Type: TABLE; Schema: public; Owner: postgres
--

CREATE TABLE public.auth_group (
    id integer NOT NULL,
    name character varying(150) NOT NULL
);


ALTER TABLE public.auth_group OWNER TO postgres;

--
-- Name: auth_group_id_seq; Type: SEQUENCE; Schema: public; Owner: postgres
--

ALTER TABLE public.auth_group ALTER COLUMN id ADD GENERATED BY DEFAULT AS IDENTITY (
    SEQUENCE NAME public.auth_group_id_seq
    START WITH 1
    INCREMENT BY 1
    NO MINVALUE
    NO MAXVALUE
    CACHE 1
);


--
-- Name: auth_group_permissions; Type: TABLE; Schema: public; Owner: postgres
--

CREATE TABLE public.auth_group_permissions (
    id bigint NOT NULL,
    group_id integer NOT NULL,
    permission_id integer NOT NULL
);


ALTER TABLE public.auth_group_permissions OWNER TO postgres;

--
-- Name: auth_group_permissions_id_seq; Type: SEQUENCE; Schema: public; Owner: postgres
--

ALTER TABLE public.auth_group_permissions ALTER COLUMN id ADD GENERATED BY DEFAULT AS IDENTITY (
    SEQUENCE NAME public.auth_group_permissions_id_seq
    START WITH 1
    INCREMENT BY 1
    NO MINVALUE
    NO MAXVALUE
    CACHE 1
);


--
-- Name: auth_permission; Type: TABLE; Schema: public; Owner: postgres
--

CREATE TABLE public.auth_permission (
    id integer NOT NULL,
    name character varying(255) NOT NULL,
    content_type_id integer NOT NULL,
    codename character varying(100) NOT NULL
);


ALTER TABLE public.auth_permission OWNER TO postgres;

--
-- Name: auth_permission_id_seq; Type: SEQUENCE; Schema: public; Owner: postgres
--

ALTER TABLE public.auth_permission ALTER COLUMN id ADD GENERATED BY DEFAULT AS IDENTITY (
    SEQUENCE NAME public.auth_permission_id_seq
    START WITH 1
    INCREMENT BY 1
    NO MINVALUE
    NO MAXVALUE
    CACHE 1
);


--
-- Name: auth_user; Type: TABLE; Schema: public; Owner: postgres
--

CREATE TABLE public.auth_user (
    id integer NOT NULL,
    password character varying(128) NOT NULL,
    last_login timestamp with time zone,
    is_superuser boolean NOT NULL,
    username character varying(150) NOT NULL,
    first_name character varying(150) NOT NULL,
    last_name character varying(150) NOT NULL,
    email character varying(254) NOT NULL,
    is_staff boolean NOT NULL,
    is_active boolean NOT NULL,
    date_joined timestamp with time zone NOT NULL
);


ALTER TABLE public.auth_user OWNER TO postgres;

--
-- Name: auth_user_groups; Type: TABLE; Schema: public; Owner: postgres
--

CREATE TABLE public.auth_user_groups (
    id bigint NOT NULL,
    user_id integer NOT NULL,
    group_id integer NOT NULL
);


ALTER TABLE public.auth_user_groups OWNER TO postgres;

--
-- Name: auth_user_groups_id_seq; Type: SEQUENCE; Schema: public; Owner: postgres
--

ALTER TABLE public.auth_user_groups ALTER COLUMN id ADD GENERATED BY DEFAULT AS IDENTITY (
    SEQUENCE NAME public.auth_user_groups_id_seq
    START WITH 1
    INCREMENT BY 1
    NO MINVALUE
    NO MAXVALUE
    CACHE 1
);


--
-- Name: auth_user_id_seq; Type: SEQUENCE; Schema: public; Owner: postgres
--

ALTER TABLE public.auth_user ALTER COLUMN id ADD GENERATED BY DEFAULT AS IDENTITY (
    SEQUENCE NAME public.auth_user_id_seq
    START WITH 1
    INCREMENT BY 1
    NO MINVALUE
    NO MAXVALUE
    CACHE 1
);


--
-- Name: auth_user_user_permissions; Type: TABLE; Schema: public; Owner: postgres
--

CREATE TABLE public.auth_user_user_permissions (
    id bigint NOT NULL,
    user_id integer NOT NULL,
    permission_id integer NOT NULL
);


ALTER TABLE public.auth_user_user_permissions OWNER TO postgres;

--
-- Name: auth_user_user_permissions_id_seq; Type: SEQUENCE; Schema: public; Owner: postgres
--

ALTER TABLE public.auth_user_user_permissions ALTER COLUMN id ADD GENERATED BY DEFAULT AS IDENTITY (
    SEQUENCE NAME public.auth_user_user_permissions_id_seq
    START WITH 1
    INCREMENT BY 1
    NO MINVALUE
    NO MAXVALUE
    CACHE 1
);


--
-- Name: django_admin_log; Type: TABLE; Schema: public; Owner: postgres
--

CREATE TABLE public.django_admin_log (
    id integer NOT NULL,
    action_time timestamp with time zone NOT NULL,
    object_id text,
    object_repr character varying(200) NOT NULL,
    action_flag smallint NOT NULL,
    change_message text NOT NULL,
    content_type_id integer,
    user_id integer NOT NULL,
    CONSTRAINT django_admin_log_action_flag_check CHECK ((action_flag >= 0))
);


ALTER TABLE public.django_admin_log OWNER TO postgres;

--
-- Name: django_admin_log_id_seq; Type: SEQUENCE; Schema: public; Owner: postgres
--

ALTER TABLE public.django_admin_log ALTER COLUMN id ADD GENERATED BY DEFAULT AS IDENTITY (
    SEQUENCE NAME public.django_admin_log_id_seq
    START WITH 1
    INCREMENT BY 1
    NO MINVALUE
    NO MAXVALUE
    CACHE 1
);


--
-- Name: django_content_type; Type: TABLE; Schema: public; Owner: postgres
--

CREATE TABLE public.django_content_type (
    id integer NOT NULL,
    app_label character varying(100) NOT NULL,
    model character varying(100) NOT NULL
);


ALTER TABLE public.django_content_type OWNER TO postgres;

--
-- Name: django_content_type_id_seq; Type: SEQUENCE; Schema: public; Owner: postgres
--

ALTER TABLE public.django_content_type ALTER COLUMN id ADD GENERATED BY DEFAULT AS IDENTITY (
    SEQUENCE NAME public.django_content_type_id_seq
    START WITH 1
    INCREMENT BY 1
    NO MINVALUE
    NO MAXVALUE
    CACHE 1
);


--
-- Name: django_migrations; Type: TABLE; Schema: public; Owner: postgres
--

CREATE TABLE public.django_migrations (
    id bigint NOT NULL,
    app character varying(255) NOT NULL,
    name character varying(255) NOT NULL,
    applied timestamp with time zone NOT NULL
);


ALTER TABLE public.django_migrations OWNER TO postgres;

--
-- Name: django_migrations_id_seq; Type: SEQUENCE; Schema: public; Owner: postgres
--

ALTER TABLE public.django_migrations ALTER COLUMN id ADD GENERATED BY DEFAULT AS IDENTITY (
    SEQUENCE NAME public.django_migrations_id_seq
    START WITH 1
    INCREMENT BY 1
    NO MINVALUE
    NO MAXVALUE
    CACHE 1
);


--
-- Name: django_session; Type: TABLE; Schema: public; Owner: postgres
--

CREATE TABLE public.django_session (
    session_key character varying(40) NOT NULL,
    session_data text NOT NULL,
    expire_date timestamp with time zone NOT NULL
);


ALTER TABLE public.django_session OWNER TO postgres;

--
-- Name: web_category; Type: TABLE; Schema: public; Owner: postgres
--

CREATE TABLE public.web_category (
    id bigint NOT NULL,
    name character varying(100) NOT NULL,
    slug character varying(100) NOT NULL,
    main_image character varying(100) NOT NULL
);


ALTER TABLE public.web_category OWNER TO postgres;

--
-- Name: web_category_id_seq; Type: SEQUENCE; Schema: public; Owner: postgres
--

ALTER TABLE public.web_category ALTER COLUMN id ADD GENERATED BY DEFAULT AS IDENTITY (
    SEQUENCE NAME public.web_category_id_seq
    START WITH 1
    INCREMENT BY 1
    NO MINVALUE
    NO MAXVALUE
    CACHE 1
);


--
-- Name: web_collection; Type: TABLE; Schema: public; Owner: postgres
--

CREATE TABLE public.web_collection (
    id bigint NOT NULL,
    name character varying(100) NOT NULL,
    slug character varying(100) NOT NULL,
    description text NOT NULL,
    main_image character varying(100) NOT NULL
);


ALTER TABLE public.web_collection OWNER TO postgres;

--
-- Name: web_collection_id_seq; Type: SEQUENCE; Schema: public; Owner: postgres
--

ALTER TABLE public.web_collection ALTER COLUMN id ADD GENERATED BY DEFAULT AS IDENTITY (
    SEQUENCE NAME public.web_collection_id_seq
    START WITH 1
    INCREMENT BY 1
    NO MINVALUE
    NO MAXVALUE
    CACHE 1
);


--
-- Name: web_product; Type: TABLE; Schema: public; Owner: postgres
--

CREATE TABLE public.web_product (
    id bigint NOT NULL,
    name character varying(100) NOT NULL,
    slug character varying(100) NOT NULL,
    price numeric(10,2) NOT NULL,
    description text NOT NULL,
    main_image character varying(100) NOT NULL,
    height numeric(10,2) NOT NULL,
    width numeric(10,2) NOT NULL,
    style character varying(50) NOT NULL,
    material character varying(100) NOT NULL,
    length numeric(10,2) NOT NULL,
    created_at timestamp with time zone NOT NULL,
    updated_at timestamp with time zone NOT NULL,
    category_id bigint NOT NULL,
    collection_id bigint
);


ALTER TABLE public.web_product OWNER TO postgres;

--
-- Name: web_product_id_seq; Type: SEQUENCE; Schema: public; Owner: postgres
--

ALTER TABLE public.web_product ALTER COLUMN id ADD GENERATED BY DEFAULT AS IDENTITY (
    SEQUENCE NAME public.web_product_id_seq
    START WITH 1
    INCREMENT BY 1
    NO MINVALUE
    NO MAXVALUE
    CACHE 1
);


--
-- Name: web_productimage; Type: TABLE; Schema: public; Owner: postgres
--

CREATE TABLE public.web_productimage (
    id bigint NOT NULL,
    image character varying(100) NOT NULL,
    product_id bigint NOT NULL
);


ALTER TABLE public.web_productimage OWNER TO postgres;

--
-- Name: web_productimage_id_seq; Type: SEQUENCE; Schema: public; Owner: postgres
--

ALTER TABLE public.web_productimage ALTER COLUMN id ADD GENERATED BY DEFAULT AS IDENTITY (
    SEQUENCE NAME public.web_productimage_id_seq
    START WITH 1
    INCREMENT BY 1
    NO MINVALUE
    NO MAXVALUE
    CACHE 1
);


--
-- Name: web_project; Type: TABLE; Schema: public; Owner: postgres
--

CREATE TABLE public.web_project (
    id bigint NOT NULL,
    name character varying(100) NOT NULL,
    slug character varying(100) NOT NULL,
    description text NOT NULL,
    main_image character varying(100) NOT NULL,
    video character varying(512) NOT NULL
);


ALTER TABLE public.web_project OWNER TO postgres;

--
-- Name: web_project_id_seq; Type: SEQUENCE; Schema: public; Owner: postgres
--

ALTER TABLE public.web_project ALTER COLUMN id ADD GENERATED BY DEFAULT AS IDENTITY (
    SEQUENCE NAME public.web_project_id_seq
    START WITH 1
    INCREMENT BY 1
    NO MINVALUE
    NO MAXVALUE
    CACHE 1
);


--
-- Name: web_projectimage; Type: TABLE; Schema: public; Owner: postgres
--

CREATE TABLE public.web_projectimage (
    id bigint NOT NULL,
    image character varying(100) NOT NULL,
    project_id bigint NOT NULL
);


ALTER TABLE public.web_projectimage OWNER TO postgres;

--
-- Name: web_projectimage_id_seq; Type: SEQUENCE; Schema: public; Owner: postgres
--

ALTER TABLE public.web_projectimage ALTER COLUMN id ADD GENERATED BY DEFAULT AS IDENTITY (
    SEQUENCE NAME public.web_projectimage_id_seq
    START WITH 1
    INCREMENT BY 1
    NO MINVALUE
    NO MAXVALUE
    CACHE 1
);


--
-- Name: web_review; Type: TABLE; Schema: public; Owner: postgres
--

CREATE TABLE public.web_review (
    id bigint NOT NULL,
    name character varying(100) NOT NULL,
    description text NOT NULL
);


ALTER TABLE public.web_review OWNER TO postgres;

--
-- Name: web_review_id_seq; Type: SEQUENCE; Schema: public; Owner: postgres
--

ALTER TABLE public.web_review ALTER COLUMN id ADD GENERATED BY DEFAULT AS IDENTITY (
    SEQUENCE NAME public.web_review_id_seq
    START WITH 1
    INCREMENT BY 1
    NO MINVALUE
    NO MAXVALUE
    CACHE 1
);


--
-- Data for Name: auth_group; Type: TABLE DATA; Schema: public; Owner: postgres
--

COPY public.auth_group (id, name) FROM stdin;
\.


--
-- Data for Name: auth_group_permissions; Type: TABLE DATA; Schema: public; Owner: postgres
--

COPY public.auth_group_permissions (id, group_id, permission_id) FROM stdin;
\.


--
-- Data for Name: auth_permission; Type: TABLE DATA; Schema: public; Owner: postgres
--

COPY public.auth_permission (id, name, content_type_id, codename) FROM stdin;
1	Can add log entry	1	add_logentry
2	Can change log entry	1	change_logentry
3	Can delete log entry	1	delete_logentry
4	Can view log entry	1	view_logentry
5	Can add permission	3	add_permission
6	Can change permission	3	change_permission
7	Can delete permission	3	delete_permission
8	Can view permission	3	view_permission
9	Can add group	2	add_group
10	Can change group	2	change_group
11	Can delete group	2	delete_group
12	Can view group	2	view_group
13	Can add user	4	add_user
14	Can change user	4	change_user
15	Can delete user	4	delete_user
16	Can view user	4	view_user
17	Can add content type	5	add_contenttype
18	Can change content type	5	change_contenttype
19	Can delete content type	5	delete_contenttype
20	Can view content type	5	view_contenttype
21	Can add session	6	add_session
22	Can change session	6	change_session
23	Can delete session	6	delete_session
24	Can view session	6	view_session
25	Can add category	7	add_category
26	Can change category	7	change_category
27	Can delete category	7	delete_category
28	Can view category	7	view_category
29	Can add collection	8	add_collection
30	Can change collection	8	change_collection
31	Can delete collection	8	delete_collection
32	Can view collection	8	view_collection
33	Can add project	11	add_project
34	Can change project	11	change_project
35	Can delete project	11	delete_project
36	Can view project	11	view_project
37	Can add review	13	add_review
38	Can change review	13	change_review
39	Can delete review	13	delete_review
40	Can view review	13	view_review
41	Can add product	9	add_product
42	Can change product	9	change_product
43	Can delete product	9	delete_product
44	Can view product	9	view_product
45	Can add product image	10	add_productimage
46	Can change product image	10	change_productimage
47	Can delete product image	10	delete_productimage
48	Can view product image	10	view_productimage
49	Can add project image	12	add_projectimage
50	Can change project image	12	change_projectimage
51	Can delete project image	12	delete_projectimage
52	Can view project image	12	view_projectimage
\.


--
-- Data for Name: auth_user; Type: TABLE DATA; Schema: public; Owner: postgres
--

COPY public.auth_user (id, password, last_login, is_superuser, username, first_name, last_name, email, is_staff, is_active, date_joined) FROM stdin;
1	pbkdf2_sha256$1200000$Rl2zCqGMprDjBR9SAYs8CW$rQ/hRAhzptOgE6Eg80Do7RWtRLfiqBYAuGaghhdbF88=	2026-04-03 17:12:36.794649+00	t	admin				t	t	2026-03-10 16:30:41.145095+00
\.


--
-- Data for Name: auth_user_groups; Type: TABLE DATA; Schema: public; Owner: postgres
--

COPY public.auth_user_groups (id, user_id, group_id) FROM stdin;
\.


--
-- Data for Name: auth_user_user_permissions; Type: TABLE DATA; Schema: public; Owner: postgres
--

COPY public.auth_user_user_permissions (id, user_id, permission_id) FROM stdin;
\.


--
-- Data for Name: django_admin_log; Type: TABLE DATA; Schema: public; Owner: postgres
--

COPY public.django_admin_log (id, action_time, object_id, object_repr, action_flag, change_message, content_type_id, user_id) FROM stdin;
1	2026-03-10 16:32:55.331091+00	1	The treasure	1	[{"added": {}}]	8	1
2	2026-03-10 16:35:46.755608+00	2	Neon way	1	[{"added": {}}]	8	1
3	2026-03-10 16:58:36.675642+00	3	alexander fasion	1	[{"added": {}}]	8	1
4	2026-03-11 10:30:39.877872+00	1	fghjkl	1	[{"added": {}}]	7	1
5	2026-03-11 10:50:55.044722+00	1	fghjkl	3		7	1
6	2026-03-11 10:51:23.327591+00	2	Лампы	1	[{"added": {}}]	7	1
7	2026-03-11 10:51:44.956614+00	3	Столы	1	[{"added": {}}]	7	1
8	2026-03-11 10:52:01.567067+00	4	Панно	1	[{"added": {}}]	7	1
9	2026-03-17 14:28:09.774096+00	1	Настольная лампа Waves	1	[{"added": {}}]	9	1
10	2026-03-17 14:34:28.071916+00	2	Дизайнерское панно	1	[{"added": {}}]	9	1
11	2026-03-19 13:13:43.95671+00	1	Настольная лампа Waves	2	[{"added": {"name": "product image", "object": "ProductImage object (1)"}}, {"added": {"name": "product image", "object": "ProductImage object (2)"}}, {"added": {"name": "product image", "object": "ProductImage object (3)"}}]	9	1
12	2026-03-22 15:57:54.224808+00	3	Модный стол	1	[{"added": {}}, {"added": {"name": "product image", "object": "ProductImage object (4)"}}, {"added": {"name": "product image", "object": "ProductImage object (5)"}}, {"added": {"name": "product image", "object": "ProductImage object (6)"}}]	9	1
13	2026-04-03 17:16:15.800945+00	1	Столовая группа	1	[{"added": {}}]	11	1
14	2026-04-03 17:43:23.955498+00	2	Дизайнерские колонки RICHBICH	1	[{"added": {}}]	11	1
15	2026-04-03 17:44:29.287301+00	3	Пуфы для гостинной	1	[{"added": {}}]	11	1
16	2026-04-03 18:29:56.748651+00	1	Столовая группа	2	[{"changed": {"fields": ["Main image"]}}]	11	1
17	2026-04-04 09:16:33.463445+00	1	Столовая группа	2	[{"changed": {"fields": ["Description"]}}]	11	1
18	2026-04-04 10:04:20.381336+00	1	Столовая группа	2	[{"added": {"name": "project image", "object": "ProjectImage object (1)"}}, {"added": {"name": "project image", "object": "ProjectImage object (2)"}}, {"added": {"name": "project image", "object": "ProjectImage object (3)"}}, {"added": {"name": "project image", "object": "ProjectImage object (4)"}}]	11	1
19	2026-04-06 17:47:47.023017+00	1	Ксения	1	[{"added": {}}]	13	1
20	2026-04-06 17:48:13.327373+00	2	Роман	1	[{"added": {}}]	13	1
21	2026-04-06 17:48:24.037289+00	3	Зина	1	[{"added": {}}]	13	1
22	2026-04-06 17:48:49.486271+00	4	Александр	1	[{"added": {}}]	13	1
\.


--
-- Data for Name: django_content_type; Type: TABLE DATA; Schema: public; Owner: postgres
--

COPY public.django_content_type (id, app_label, model) FROM stdin;
1	admin	logentry
2	auth	group
3	auth	permission
4	auth	user
5	contenttypes	contenttype
6	sessions	session
7	web	category
8	web	collection
9	web	product
10	web	productimage
11	web	project
12	web	projectimage
13	web	review
\.


--
-- Data for Name: django_migrations; Type: TABLE DATA; Schema: public; Owner: postgres
--

COPY public.django_migrations (id, app, name, applied) FROM stdin;
1	contenttypes	0001_initial	2026-02-26 11:51:37.662779+00
2	auth	0001_initial	2026-02-26 11:51:37.722716+00
3	admin	0001_initial	2026-02-26 11:51:37.737921+00
4	admin	0002_logentry_remove_auto_add	2026-02-26 11:51:37.741388+00
5	admin	0003_logentry_add_action_flag_choices	2026-02-26 11:51:37.745057+00
6	contenttypes	0002_remove_content_type_name	2026-02-26 11:51:37.756081+00
7	auth	0002_alter_permission_name_max_length	2026-02-26 11:51:37.760597+00
8	auth	0003_alter_user_email_max_length	2026-02-26 11:51:37.76499+00
9	auth	0004_alter_user_username_opts	2026-02-26 11:51:37.768837+00
10	auth	0005_alter_user_last_login_null	2026-02-26 11:51:37.773532+00
11	auth	0006_require_contenttypes_0002	2026-02-26 11:51:37.774283+00
12	auth	0007_alter_validators_add_error_messages	2026-02-26 11:51:37.777509+00
13	auth	0008_alter_user_username_max_length	2026-02-26 11:51:37.784442+00
14	auth	0009_alter_user_last_name_max_length	2026-02-26 11:51:37.789116+00
15	auth	0010_alter_group_name_max_length	2026-02-26 11:51:37.794082+00
16	auth	0011_update_proxy_permissions	2026-02-26 11:51:37.798657+00
17	auth	0012_alter_user_first_name_max_length	2026-02-26 11:51:37.80381+00
18	sessions	0001_initial	2026-02-26 11:51:37.811644+00
19	web	0001_initial	2026-02-26 11:51:37.858667+00
20	web	0002_project_video	2026-02-26 11:51:37.863461+00
\.


--
-- Data for Name: django_session; Type: TABLE DATA; Schema: public; Owner: postgres
--

COPY public.django_session (session_key, session_data, expire_date) FROM stdin;
xvzfszrdi2id9d06e4vbw3ymdrshiyh2	.eJxVjEEOgjAQRe_StWlKO8yAS_eegUw7g6CmTSisjHdXEha6_e-9_zIDb-s0bFWXYRZzNo05_W6R00PzDuTO-VZsKnld5mh3xR602msRfV4O9-9g4jp9awehA5-IRo9ISYP3LbduBJCexGHoKXZuZNWI5AFB2pgCe2pQQJTN-wO8Zjd1:1vzzz1:DA5J3unsLo2KCy1e4IcHwsokNt1CX_xdbvDLowMwpQk	2026-03-24 16:30:59.547423+00
61cq1bdd8c2v82bi0g6rk6rvs06ucpxg	.eJxVjEEOgjAQRe_StWlKO8yAS_eegUw7g6CmTSisjHdXEha6_e-9_zIDb-s0bFWXYRZzNo05_W6R00PzDuTO-VZsKnld5mh3xR602msRfV4O9-9g4jp9awehA5-IRo9ISYP3LbduBJCexGHoKXZuZNWI5AFB2pgCe2pQQJTN-wO8Zjd1:1w8i4S:S1E5llWyEB4o_qIWO0VqutsaXpWjX1e4AiWBVXkora0	2026-04-17 17:12:36.803494+00
\.


--
-- Data for Name: web_category; Type: TABLE DATA; Schema: public; Owner: postgres
--

COPY public.web_category (id, name, slug, main_image) FROM stdin;
2	Лампы	lampy	products/main/lampa_8YHBm8j.png
3	Столы	stoly	products/main/1770041566.png
4	Панно	panno	products/main/image_2_1.png
\.


--
-- Data for Name: web_collection; Type: TABLE DATA; Schema: public; Owner: postgres
--

COPY public.web_collection (id, name, slug, description, main_image) FROM stdin;
1	The treasure	the-treasure	Искусство, которое привлекает внимание	products/main/texture_gold.png
2	Neon way	neon-way	Сияй	products/main/1763984052_1.png
3	alexander fasion	alexander-fasion	сияй александер	products/main/WhatsApp-Image-2023-05-16-at-10.25.24.jpeg
\.


--
-- Data for Name: web_product; Type: TABLE DATA; Schema: public; Owner: postgres
--

COPY public.web_product (id, name, slug, price, description, main_image, height, width, style, material, length, created_at, updated_at, category_id, collection_id) FROM stdin;
2	Дизайнерское панно	dizajnerskoe-panno	5000.00	классное панно	products/main/image_2_1_bNinqBg.png	2.59	56.00	Loft	Керамика	70.00	2026-03-17 14:34:28.067518+00	2026-03-17 14:34:28.067529+00	4	3
1	Настольная лампа Waves	nastolnaya-lampa-waves	3499.00	Классная лампа	products/main/lampa_3UNpBxI.png	50.00	50.00	Loft	Керамика	40.00	2026-03-17 14:28:09.765252+00	2026-03-19 13:13:43.938776+00	2	1
3	Модный стол	modnyj-stol	150000.00	ывапролджфывапролдфывалдфывапровапрофывапролфывапролывапролвапячсмитфывапрфывапрфывапрофывапрофывапрофвапроывапроывапрол	products/main/1770041445_1.png	60.00	200.00	Loft	Шпон	500.00	2026-03-22 15:57:54.216252+00	2026-03-22 15:57:54.216257+00	3	3
\.


--
-- Data for Name: web_productimage; Type: TABLE DATA; Schema: public; Owner: postgres
--

COPY public.web_productimage (id, image, product_id) FROM stdin;
1	products/extra/1770041633.png	1
2	products/extra/1770041566.png	1
3	products/extra/1770041445.png	1
4	products/extra/1770041633_V8lcKDf.png	3
5	products/extra/1770041566_jiOupR6.png	3
6	products/extra/1770041445_2mjT8GZ.png	3
\.


--
-- Data for Name: web_project; Type: TABLE DATA; Schema: public; Owner: postgres
--

COPY public.web_project (id, name, slug, description, main_image, video) FROM stdin;
2	Дизайнерские колонки RICHBICH	dizajnerskie-kolonki-richbich	dfghjkl mr789odkw	products/main/колонки.jpg	https://youtube.com/shorts/t_Xr0JCNKXs?is=fjlm3G1XlrRWDjsC
3	Пуфы для гостинной	pufy-dlya-gostinnoj	смилшагнупцитчщшугнпивтцч	products/main/WhatsApp-Image-2023-05-16-at-10_JpkRvWS.25.24.jpeg	https://youtube.com/shorts/t_Xr0JCNKXs?is=fjlm3G1XlrRWDjsC
1	Столовая группа	stolovaya-gruppa	Наша продукция - это отражение индивидуальности каждого клиента. Каждый предмет является результатом кропотливой работы команды и прослужит вам долгие годы. Поэтому  наш проект - это создание будущей истории. Мы проектируем и мастерим с мыслью о том, что эта вещь переживет годы, став свидетелем вашей жизни, ее поворотов и радостей. Она — материальный сюжет вашей личной легенды. В нашей тщательности — уважение к вашему времени и доверию, которые станут основой этой истории на десятилетия.	products/main/V-CH-TIZIANO-ST.jpg	https://youtube.com/shorts/t_Xr0JCNKXs?is=fjlm3G1XlrRWDjsC
\.


--
-- Data for Name: web_projectimage; Type: TABLE DATA; Schema: public; Owner: postgres
--

COPY public.web_projectimage (id, image, project_id) FROM stdin;
1	products/extra/1770041633_LmaDBaD.png	1
2	products/extra/1770041566_zHOqqEO.png	1
3	products/extra/1770041445_1.png	1
4	products/extra/1770041445_Ee8SJaK.png	1
\.


--
-- Data for Name: web_review; Type: TABLE DATA; Schema: public; Owner: postgres
--

COPY public.web_review (id, name, description) FROM stdin;
1	Ксения	Классное качество!
2	Роман	Понравилось
3	Зина	Круто
4	Александр	зачет качество
\.


--
-- Name: auth_group_id_seq; Type: SEQUENCE SET; Schema: public; Owner: postgres
--

SELECT pg_catalog.setval('public.auth_group_id_seq', 1, false);


--
-- Name: auth_group_permissions_id_seq; Type: SEQUENCE SET; Schema: public; Owner: postgres
--

SELECT pg_catalog.setval('public.auth_group_permissions_id_seq', 1, false);


--
-- Name: auth_permission_id_seq; Type: SEQUENCE SET; Schema: public; Owner: postgres
--

SELECT pg_catalog.setval('public.auth_permission_id_seq', 52, true);


--
-- Name: auth_user_groups_id_seq; Type: SEQUENCE SET; Schema: public; Owner: postgres
--

SELECT pg_catalog.setval('public.auth_user_groups_id_seq', 1, false);


--
-- Name: auth_user_id_seq; Type: SEQUENCE SET; Schema: public; Owner: postgres
--

SELECT pg_catalog.setval('public.auth_user_id_seq', 1, true);


--
-- Name: auth_user_user_permissions_id_seq; Type: SEQUENCE SET; Schema: public; Owner: postgres
--

SELECT pg_catalog.setval('public.auth_user_user_permissions_id_seq', 1, false);


--
-- Name: django_admin_log_id_seq; Type: SEQUENCE SET; Schema: public; Owner: postgres
--

SELECT pg_catalog.setval('public.django_admin_log_id_seq', 22, true);


--
-- Name: django_content_type_id_seq; Type: SEQUENCE SET; Schema: public; Owner: postgres
--

SELECT pg_catalog.setval('public.django_content_type_id_seq', 13, true);


--
-- Name: django_migrations_id_seq; Type: SEQUENCE SET; Schema: public; Owner: postgres
--

SELECT pg_catalog.setval('public.django_migrations_id_seq', 20, true);


--
-- Name: web_category_id_seq; Type: SEQUENCE SET; Schema: public; Owner: postgres
--

SELECT pg_catalog.setval('public.web_category_id_seq', 4, true);


--
-- Name: web_collection_id_seq; Type: SEQUENCE SET; Schema: public; Owner: postgres
--

SELECT pg_catalog.setval('public.web_collection_id_seq', 3, true);


--
-- Name: web_product_id_seq; Type: SEQUENCE SET; Schema: public; Owner: postgres
--

SELECT pg_catalog.setval('public.web_product_id_seq', 3, true);


--
-- Name: web_productimage_id_seq; Type: SEQUENCE SET; Schema: public; Owner: postgres
--

SELECT pg_catalog.setval('public.web_productimage_id_seq', 6, true);


--
-- Name: web_project_id_seq; Type: SEQUENCE SET; Schema: public; Owner: postgres
--

SELECT pg_catalog.setval('public.web_project_id_seq', 3, true);


--
-- Name: web_projectimage_id_seq; Type: SEQUENCE SET; Schema: public; Owner: postgres
--

SELECT pg_catalog.setval('public.web_projectimage_id_seq', 4, true);


--
-- Name: web_review_id_seq; Type: SEQUENCE SET; Schema: public; Owner: postgres
--

SELECT pg_catalog.setval('public.web_review_id_seq', 4, true);


--
-- Name: auth_group auth_group_name_key; Type: CONSTRAINT; Schema: public; Owner: postgres
--

ALTER TABLE ONLY public.auth_group
    ADD CONSTRAINT auth_group_name_key UNIQUE (name);


--
-- Name: auth_group_permissions auth_group_permissions_group_id_permission_id_0cd325b0_uniq; Type: CONSTRAINT; Schema: public; Owner: postgres
--

ALTER TABLE ONLY public.auth_group_permissions
    ADD CONSTRAINT auth_group_permissions_group_id_permission_id_0cd325b0_uniq UNIQUE (group_id, permission_id);


--
-- Name: auth_group_permissions auth_group_permissions_pkey; Type: CONSTRAINT; Schema: public; Owner: postgres
--

ALTER TABLE ONLY public.auth_group_permissions
    ADD CONSTRAINT auth_group_permissions_pkey PRIMARY KEY (id);


--
-- Name: auth_group auth_group_pkey; Type: CONSTRAINT; Schema: public; Owner: postgres
--

ALTER TABLE ONLY public.auth_group
    ADD CONSTRAINT auth_group_pkey PRIMARY KEY (id);


--
-- Name: auth_permission auth_permission_content_type_id_codename_01ab375a_uniq; Type: CONSTRAINT; Schema: public; Owner: postgres
--

ALTER TABLE ONLY public.auth_permission
    ADD CONSTRAINT auth_permission_content_type_id_codename_01ab375a_uniq UNIQUE (content_type_id, codename);


--
-- Name: auth_permission auth_permission_pkey; Type: CONSTRAINT; Schema: public; Owner: postgres
--

ALTER TABLE ONLY public.auth_permission
    ADD CONSTRAINT auth_permission_pkey PRIMARY KEY (id);


--
-- Name: auth_user_groups auth_user_groups_pkey; Type: CONSTRAINT; Schema: public; Owner: postgres
--

ALTER TABLE ONLY public.auth_user_groups
    ADD CONSTRAINT auth_user_groups_pkey PRIMARY KEY (id);


--
-- Name: auth_user_groups auth_user_groups_user_id_group_id_94350c0c_uniq; Type: CONSTRAINT; Schema: public; Owner: postgres
--

ALTER TABLE ONLY public.auth_user_groups
    ADD CONSTRAINT auth_user_groups_user_id_group_id_94350c0c_uniq UNIQUE (user_id, group_id);


--
-- Name: auth_user auth_user_pkey; Type: CONSTRAINT; Schema: public; Owner: postgres
--

ALTER TABLE ONLY public.auth_user
    ADD CONSTRAINT auth_user_pkey PRIMARY KEY (id);


--
-- Name: auth_user_user_permissions auth_user_user_permissions_pkey; Type: CONSTRAINT; Schema: public; Owner: postgres
--

ALTER TABLE ONLY public.auth_user_user_permissions
    ADD CONSTRAINT auth_user_user_permissions_pkey PRIMARY KEY (id);


--
-- Name: auth_user_user_permissions auth_user_user_permissions_user_id_permission_id_14a6b632_uniq; Type: CONSTRAINT; Schema: public; Owner: postgres
--

ALTER TABLE ONLY public.auth_user_user_permissions
    ADD CONSTRAINT auth_user_user_permissions_user_id_permission_id_14a6b632_uniq UNIQUE (user_id, permission_id);


--
-- Name: auth_user auth_user_username_key; Type: CONSTRAINT; Schema: public; Owner: postgres
--

ALTER TABLE ONLY public.auth_user
    ADD CONSTRAINT auth_user_username_key UNIQUE (username);


--
-- Name: django_admin_log django_admin_log_pkey; Type: CONSTRAINT; Schema: public; Owner: postgres
--

ALTER TABLE ONLY public.django_admin_log
    ADD CONSTRAINT django_admin_log_pkey PRIMARY KEY (id);


--
-- Name: django_content_type django_content_type_app_label_model_76bd3d3b_uniq; Type: CONSTRAINT; Schema: public; Owner: postgres
--

ALTER TABLE ONLY public.django_content_type
    ADD CONSTRAINT django_content_type_app_label_model_76bd3d3b_uniq UNIQUE (app_label, model);


--
-- Name: django_content_type django_content_type_pkey; Type: CONSTRAINT; Schema: public; Owner: postgres
--

ALTER TABLE ONLY public.django_content_type
    ADD CONSTRAINT django_content_type_pkey PRIMARY KEY (id);


--
-- Name: django_migrations django_migrations_pkey; Type: CONSTRAINT; Schema: public; Owner: postgres
--

ALTER TABLE ONLY public.django_migrations
    ADD CONSTRAINT django_migrations_pkey PRIMARY KEY (id);


--
-- Name: django_session django_session_pkey; Type: CONSTRAINT; Schema: public; Owner: postgres
--

ALTER TABLE ONLY public.django_session
    ADD CONSTRAINT django_session_pkey PRIMARY KEY (session_key);


--
-- Name: web_category web_category_pkey; Type: CONSTRAINT; Schema: public; Owner: postgres
--

ALTER TABLE ONLY public.web_category
    ADD CONSTRAINT web_category_pkey PRIMARY KEY (id);


--
-- Name: web_category web_category_slug_key; Type: CONSTRAINT; Schema: public; Owner: postgres
--

ALTER TABLE ONLY public.web_category
    ADD CONSTRAINT web_category_slug_key UNIQUE (slug);


--
-- Name: web_collection web_collection_pkey; Type: CONSTRAINT; Schema: public; Owner: postgres
--

ALTER TABLE ONLY public.web_collection
    ADD CONSTRAINT web_collection_pkey PRIMARY KEY (id);


--
-- Name: web_collection web_collection_slug_key; Type: CONSTRAINT; Schema: public; Owner: postgres
--

ALTER TABLE ONLY public.web_collection
    ADD CONSTRAINT web_collection_slug_key UNIQUE (slug);


--
-- Name: web_product web_product_pkey; Type: CONSTRAINT; Schema: public; Owner: postgres
--

ALTER TABLE ONLY public.web_product
    ADD CONSTRAINT web_product_pkey PRIMARY KEY (id);


--
-- Name: web_product web_product_slug_key; Type: CONSTRAINT; Schema: public; Owner: postgres
--

ALTER TABLE ONLY public.web_product
    ADD CONSTRAINT web_product_slug_key UNIQUE (slug);


--
-- Name: web_productimage web_productimage_pkey; Type: CONSTRAINT; Schema: public; Owner: postgres
--

ALTER TABLE ONLY public.web_productimage
    ADD CONSTRAINT web_productimage_pkey PRIMARY KEY (id);


--
-- Name: web_project web_project_pkey; Type: CONSTRAINT; Schema: public; Owner: postgres
--

ALTER TABLE ONLY public.web_project
    ADD CONSTRAINT web_project_pkey PRIMARY KEY (id);


--
-- Name: web_project web_project_slug_key; Type: CONSTRAINT; Schema: public; Owner: postgres
--

ALTER TABLE ONLY public.web_project
    ADD CONSTRAINT web_project_slug_key UNIQUE (slug);


--
-- Name: web_projectimage web_projectimage_pkey; Type: CONSTRAINT; Schema: public; Owner: postgres
--

ALTER TABLE ONLY public.web_projectimage
    ADD CONSTRAINT web_projectimage_pkey PRIMARY KEY (id);


--
-- Name: web_review web_review_pkey; Type: CONSTRAINT; Schema: public; Owner: postgres
--

ALTER TABLE ONLY public.web_review
    ADD CONSTRAINT web_review_pkey PRIMARY KEY (id);


--
-- Name: auth_group_name_a6ea08ec_like; Type: INDEX; Schema: public; Owner: postgres
--

CREATE INDEX auth_group_name_a6ea08ec_like ON public.auth_group USING btree (name varchar_pattern_ops);


--
-- Name: auth_group_permissions_group_id_b120cbf9; Type: INDEX; Schema: public; Owner: postgres
--

CREATE INDEX auth_group_permissions_group_id_b120cbf9 ON public.auth_group_permissions USING btree (group_id);


--
-- Name: auth_group_permissions_permission_id_84c5c92e; Type: INDEX; Schema: public; Owner: postgres
--

CREATE INDEX auth_group_permissions_permission_id_84c5c92e ON public.auth_group_permissions USING btree (permission_id);


--
-- Name: auth_permission_content_type_id_2f476e4b; Type: INDEX; Schema: public; Owner: postgres
--

CREATE INDEX auth_permission_content_type_id_2f476e4b ON public.auth_permission USING btree (content_type_id);


--
-- Name: auth_user_groups_group_id_97559544; Type: INDEX; Schema: public; Owner: postgres
--

CREATE INDEX auth_user_groups_group_id_97559544 ON public.auth_user_groups USING btree (group_id);


--
-- Name: auth_user_groups_user_id_6a12ed8b; Type: INDEX; Schema: public; Owner: postgres
--

CREATE INDEX auth_user_groups_user_id_6a12ed8b ON public.auth_user_groups USING btree (user_id);


--
-- Name: auth_user_user_permissions_permission_id_1fbb5f2c; Type: INDEX; Schema: public; Owner: postgres
--

CREATE INDEX auth_user_user_permissions_permission_id_1fbb5f2c ON public.auth_user_user_permissions USING btree (permission_id);


--
-- Name: auth_user_user_permissions_user_id_a95ead1b; Type: INDEX; Schema: public; Owner: postgres
--

CREATE INDEX auth_user_user_permissions_user_id_a95ead1b ON public.auth_user_user_permissions USING btree (user_id);


--
-- Name: auth_user_username_6821ab7c_like; Type: INDEX; Schema: public; Owner: postgres
--

CREATE INDEX auth_user_username_6821ab7c_like ON public.auth_user USING btree (username varchar_pattern_ops);


--
-- Name: django_admin_log_content_type_id_c4bce8eb; Type: INDEX; Schema: public; Owner: postgres
--

CREATE INDEX django_admin_log_content_type_id_c4bce8eb ON public.django_admin_log USING btree (content_type_id);


--
-- Name: django_admin_log_user_id_c564eba6; Type: INDEX; Schema: public; Owner: postgres
--

CREATE INDEX django_admin_log_user_id_c564eba6 ON public.django_admin_log USING btree (user_id);


--
-- Name: django_session_expire_date_a5c62663; Type: INDEX; Schema: public; Owner: postgres
--

CREATE INDEX django_session_expire_date_a5c62663 ON public.django_session USING btree (expire_date);


--
-- Name: django_session_session_key_c0390e0f_like; Type: INDEX; Schema: public; Owner: postgres
--

CREATE INDEX django_session_session_key_c0390e0f_like ON public.django_session USING btree (session_key varchar_pattern_ops);


--
-- Name: web_category_slug_8611e19b_like; Type: INDEX; Schema: public; Owner: postgres
--

CREATE INDEX web_category_slug_8611e19b_like ON public.web_category USING btree (slug varchar_pattern_ops);


--
-- Name: web_collection_slug_5556d419_like; Type: INDEX; Schema: public; Owner: postgres
--

CREATE INDEX web_collection_slug_5556d419_like ON public.web_collection USING btree (slug varchar_pattern_ops);


--
-- Name: web_product_category_id_45570ba5; Type: INDEX; Schema: public; Owner: postgres
--

CREATE INDEX web_product_category_id_45570ba5 ON public.web_product USING btree (category_id);


--
-- Name: web_product_collection_id_dbcd28ca; Type: INDEX; Schema: public; Owner: postgres
--

CREATE INDEX web_product_collection_id_dbcd28ca ON public.web_product USING btree (collection_id);


--
-- Name: web_product_slug_b73eda9b_like; Type: INDEX; Schema: public; Owner: postgres
--

CREATE INDEX web_product_slug_b73eda9b_like ON public.web_product USING btree (slug varchar_pattern_ops);


--
-- Name: web_productimage_product_id_d8a760b2; Type: INDEX; Schema: public; Owner: postgres
--

CREATE INDEX web_productimage_product_id_d8a760b2 ON public.web_productimage USING btree (product_id);


--
-- Name: web_project_slug_5bf4b8b6_like; Type: INDEX; Schema: public; Owner: postgres
--

CREATE INDEX web_project_slug_5bf4b8b6_like ON public.web_project USING btree (slug varchar_pattern_ops);


--
-- Name: web_projectimage_project_id_c505722e; Type: INDEX; Schema: public; Owner: postgres
--

CREATE INDEX web_projectimage_project_id_c505722e ON public.web_projectimage USING btree (project_id);


--
-- Name: auth_group_permissions auth_group_permissio_permission_id_84c5c92e_fk_auth_perm; Type: FK CONSTRAINT; Schema: public; Owner: postgres
--

ALTER TABLE ONLY public.auth_group_permissions
    ADD CONSTRAINT auth_group_permissio_permission_id_84c5c92e_fk_auth_perm FOREIGN KEY (permission_id) REFERENCES public.auth_permission(id) DEFERRABLE INITIALLY DEFERRED;


--
-- Name: auth_group_permissions auth_group_permissions_group_id_b120cbf9_fk_auth_group_id; Type: FK CONSTRAINT; Schema: public; Owner: postgres
--

ALTER TABLE ONLY public.auth_group_permissions
    ADD CONSTRAINT auth_group_permissions_group_id_b120cbf9_fk_auth_group_id FOREIGN KEY (group_id) REFERENCES public.auth_group(id) DEFERRABLE INITIALLY DEFERRED;


--
-- Name: auth_permission auth_permission_content_type_id_2f476e4b_fk_django_co; Type: FK CONSTRAINT; Schema: public; Owner: postgres
--

ALTER TABLE ONLY public.auth_permission
    ADD CONSTRAINT auth_permission_content_type_id_2f476e4b_fk_django_co FOREIGN KEY (content_type_id) REFERENCES public.django_content_type(id) DEFERRABLE INITIALLY DEFERRED;


--
-- Name: auth_user_groups auth_user_groups_group_id_97559544_fk_auth_group_id; Type: FK CONSTRAINT; Schema: public; Owner: postgres
--

ALTER TABLE ONLY public.auth_user_groups
    ADD CONSTRAINT auth_user_groups_group_id_97559544_fk_auth_group_id FOREIGN KEY (group_id) REFERENCES public.auth_group(id) DEFERRABLE INITIALLY DEFERRED;


--
-- Name: auth_user_groups auth_user_groups_user_id_6a12ed8b_fk_auth_user_id; Type: FK CONSTRAINT; Schema: public; Owner: postgres
--

ALTER TABLE ONLY public.auth_user_groups
    ADD CONSTRAINT auth_user_groups_user_id_6a12ed8b_fk_auth_user_id FOREIGN KEY (user_id) REFERENCES public.auth_user(id) DEFERRABLE INITIALLY DEFERRED;


--
-- Name: auth_user_user_permissions auth_user_user_permi_permission_id_1fbb5f2c_fk_auth_perm; Type: FK CONSTRAINT; Schema: public; Owner: postgres
--

ALTER TABLE ONLY public.auth_user_user_permissions
    ADD CONSTRAINT auth_user_user_permi_permission_id_1fbb5f2c_fk_auth_perm FOREIGN KEY (permission_id) REFERENCES public.auth_permission(id) DEFERRABLE INITIALLY DEFERRED;


--
-- Name: auth_user_user_permissions auth_user_user_permissions_user_id_a95ead1b_fk_auth_user_id; Type: FK CONSTRAINT; Schema: public; Owner: postgres
--

ALTER TABLE ONLY public.auth_user_user_permissions
    ADD CONSTRAINT auth_user_user_permissions_user_id_a95ead1b_fk_auth_user_id FOREIGN KEY (user_id) REFERENCES public.auth_user(id) DEFERRABLE INITIALLY DEFERRED;


--
-- Name: django_admin_log django_admin_log_content_type_id_c4bce8eb_fk_django_co; Type: FK CONSTRAINT; Schema: public; Owner: postgres
--

ALTER TABLE ONLY public.django_admin_log
    ADD CONSTRAINT django_admin_log_content_type_id_c4bce8eb_fk_django_co FOREIGN KEY (content_type_id) REFERENCES public.django_content_type(id) DEFERRABLE INITIALLY DEFERRED;


--
-- Name: django_admin_log django_admin_log_user_id_c564eba6_fk_auth_user_id; Type: FK CONSTRAINT; Schema: public; Owner: postgres
--

ALTER TABLE ONLY public.django_admin_log
    ADD CONSTRAINT django_admin_log_user_id_c564eba6_fk_auth_user_id FOREIGN KEY (user_id) REFERENCES public.auth_user(id) DEFERRABLE INITIALLY DEFERRED;


--
-- Name: web_product web_product_category_id_45570ba5_fk_web_category_id; Type: FK CONSTRAINT; Schema: public; Owner: postgres
--

ALTER TABLE ONLY public.web_product
    ADD CONSTRAINT web_product_category_id_45570ba5_fk_web_category_id FOREIGN KEY (category_id) REFERENCES public.web_category(id) DEFERRABLE INITIALLY DEFERRED;


--
-- Name: web_product web_product_collection_id_dbcd28ca_fk_web_collection_id; Type: FK CONSTRAINT; Schema: public; Owner: postgres
--

ALTER TABLE ONLY public.web_product
    ADD CONSTRAINT web_product_collection_id_dbcd28ca_fk_web_collection_id FOREIGN KEY (collection_id) REFERENCES public.web_collection(id) DEFERRABLE INITIALLY DEFERRED;


--
-- Name: web_productimage web_productimage_product_id_d8a760b2_fk_web_product_id; Type: FK CONSTRAINT; Schema: public; Owner: postgres
--

ALTER TABLE ONLY public.web_productimage
    ADD CONSTRAINT web_productimage_product_id_d8a760b2_fk_web_product_id FOREIGN KEY (product_id) REFERENCES public.web_product(id) DEFERRABLE INITIALLY DEFERRED;


--
-- Name: web_projectimage web_projectimage_project_id_c505722e_fk_web_project_id; Type: FK CONSTRAINT; Schema: public; Owner: postgres
--

ALTER TABLE ONLY public.web_projectimage
    ADD CONSTRAINT web_projectimage_project_id_c505722e_fk_web_project_id FOREIGN KEY (project_id) REFERENCES public.web_project(id) DEFERRABLE INITIALLY DEFERRED;


--
-- PostgreSQL database dump complete
--

\unrestrict c7sxnZh1U98nW3025wqnsSbADZSuaherwgxGqaGaeiR7pohw5NIif9qwuoYSRbb

